{
    "Run ID": "6tm40vzr",
    "Config Parameters": {
        "batch_size": 32,
        "dropout": 0.5,
        "fold": 7,
        "learning_rate": 0.002,
        "optimizer": "adam"
    },
    "Best Model Metrics": {
        "Epoch": 2,
        "Validation Loss": 0.36317402601242066,
        "Best F1": 0.7500000000000001,
        "Validation Accuracy": 0.8933333158493042,
        "Validation Precision": 0.8,
        "Validation Recall": 0.7058823529411765
    }
}