{
    "Run ID": "6umqwygl",
    "Config Parameters": {
        "batch_size": 32,
        "dropout": 0.5,
        "fold": 1,
        "learning_rate": 0.002,
        "optimizer": "adam"
    },
    "Best Model Metrics": {
        "Epoch": 14,
        "Validation Loss": 0.11796273840101142,
        "Best F1": 0.8421052631578947,
        "Validation Accuracy": 0.9210526347160339,
        "Validation Precision": 0.7619047619047619,
        "Validation Recall": 0.9411764705882353
    }
}