{
    "Run ID": "9234x62t",
    "Config Parameters": {
        "batch_size": 32,
        "dropout": 0.5,
        "fold": 6,
        "learning_rate": 0.002,
        "optimizer": "adam"
    },
    "Best Model Metrics": {
        "Epoch": 5,
        "Validation Loss": 0.21142620475668655,
        "Best F1": 0.8666666666666666,
        "Validation Accuracy": 0.9473684430122375,
        "Validation Precision": 1.0,
        "Validation Recall": 0.7647058823529411
    }
}