{
    "Run ID": "7vxgwlmq",
    "Config Parameters": {
        "batch_size": 32,
        "dropout": 0.5,
        "fold": 3,
        "learning_rate": 0.002,
        "optimizer": "adam"
    },
    "Best Model Metrics": {
        "Epoch": 5,
        "Validation Loss": 0.09769298489156522,
        "Best F1": 0.9090909090909091,
        "Validation Accuracy": 0.9605262875556946,
        "Validation Precision": 0.9375,
        "Validation Recall": 0.8823529411764706
    }
}