{
    "Run ID": "oshhb3vs",
    "Config Parameters": {
        "batch_size": 32,
        "dropout": 0.5,
        "fold": 2,
        "learning_rate": 0.002,
        "optimizer": "adam"
    },
    "Best Model Metrics": {
        "Epoch": 6,
        "Validation Loss": 0.05294691977140151,
        "Best F1": 0.8888888888888888,
        "Validation Accuracy": 0.9473684430122375,
        "Validation Precision": 0.8421052631578947,
        "Validation Recall": 0.9411764705882353
    }
}