{
    "Run ID": "xmq7slhe",
    "Config Parameters": {
        "batch_size": 32,
        "dropout": 0.5,
        "fold": 10,
        "learning_rate": 0.002,
        "optimizer": "adam"
    },
    "Best Model Metrics": {
        "Epoch": 8,
        "Validation Loss": 0.1679565214117368,
        "Best F1": 0.8749999999999999,
        "Validation Accuracy": 0.9466666579246521,
        "Validation Precision": 0.9333333333333333,
        "Validation Recall": 0.8235294117647058
    }
}