{
    "Run ID": "who6zqan",
    "Config Parameters": {
        "batch_size": 32,
        "dropout": 0.5,
        "fold": 8,
        "learning_rate": 0.002,
        "optimizer": "adam"
    },
    "Best Model Metrics": {
        "Epoch": 8,
        "Validation Loss": 0.17957279125849407,
        "Best F1": 0.8235294117647058,
        "Validation Accuracy": 0.9200000166893005,
        "Validation Precision": 0.8235294117647058,
        "Validation Recall": 0.8235294117647058
    }
}