{
    "Run ID": "6okya911",
    "Config Parameters": {
        "batch_size": 32,
        "dropout": 0.5,
        "fold": 9,
        "learning_rate": 0.002,
        "optimizer": "adam"
    },
    "Best Model Metrics": {
        "Epoch": 42,
        "Validation Loss": 0.07628148476282756,
        "Best F1": 0.7619047619047621,
        "Validation Accuracy": 0.8666666746139526,
        "Validation Precision": 0.64,
        "Validation Recall": 0.9411764705882353
    }
}