{
    "Run ID": "c6zacyyq",
    "Config Parameters": {
        "batch_size": 32,
        "dropout": 0.5,
        "fold": 7,
        "learning_rate": 0.002,
        "optimizer": "adam"
    },
    "Best Model Metrics": {
        "Epoch": 59,
        "Validation Loss": 0.5038965717951457,
        "Best F1": 0.608695652173913,
        "Validation Accuracy": 0.7599999904632568,
        "Validation Precision": 0.4827586206896552,
        "Validation Recall": 0.8235294117647058
    }
}