{
    "Run ID": "m7zsj1ot",
    "Config Parameters": {
        "batch_size": 32,
        "dropout": 0.5,
        "fold": 2,
        "learning_rate": 0.002,
        "optimizer": "adam"
    },
    "Best Model Metrics": {
        "Epoch": 3,
        "Validation Loss": 0.10691591940428082,
        "Best F1": 0.7368421052631577,
        "Validation Accuracy": 0.8684210777282715,
        "Validation Precision": 0.6666666666666666,
        "Validation Recall": 0.8235294117647058
    }
}