{
    "Run ID": "y4z2nl76",
    "Config Parameters": {
        "batch_size": 32,
        "dropout": 0.5,
        "fold": 1,
        "learning_rate": 0.002,
        "optimizer": "adam"
    },
    "Best Model Metrics": {
        "Epoch": 14,
        "Validation Loss": 0.05315928710134406,
        "Best F1": 0.7906976744186047,
        "Validation Accuracy": 0.8815789222717285,
        "Validation Precision": 0.6538461538461539,
        "Validation Recall": 1.0
    }
}