{
    "Run ID": "waqubfc4",
    "Config Parameters": {
        "batch_size": 32,
        "dropout": 0.5,
        "fold": 7,
        "learning_rate": 0.002,
        "optimizer": "adam"
    },
    "Best Model Metrics": {
        "Epoch": 59,
        "Validation Loss": 0.2221573233604431,
        "Best F1": 0.6222222222222222,
        "Validation Accuracy": 0.7733333110809326,
        "Validation Precision": 0.5,
        "Validation Recall": 0.8235294117647058
    }
}