{
    "Run ID": "0gr8lhct",
    "Config Parameters": {
        "batch_size": 32,
        "dropout": 0.5,
        "fold": 6,
        "learning_rate": 0.002,
        "optimizer": "adam"
    },
    "Best Model Metrics": {
        "Epoch": 10,
        "Validation Loss": 0.451860669412111,
        "Best F1": 0.6060606060606061,
        "Validation Accuracy": 0.8289473652839661,
        "Validation Precision": 0.625,
        "Validation Recall": 0.5882352941176471
    }
}