{
    "Run ID": "r8lmkx5t",
    "Config Parameters": {
        "batch_size": 32,
        "dropout": 0.5,
        "fold": 5,
        "learning_rate": 0.002,
        "optimizer": "adam"
    },
    "Best Model Metrics": {
        "Epoch": 4,
        "Validation Loss": 0.29394491722709254,
        "Best F1": 0.7,
        "Validation Accuracy": 0.8421052694320679,
        "Validation Precision": 0.6086956521739131,
        "Validation Recall": 0.8235294117647058
    }
}