{
    "Run ID": "gwhg6128",
    "Config Parameters": {
        "batch_size": 16,
        "dropout": 0.4,
        "fold": 3,
        "learning_rate": 0.01,
        "optimizer": "adam"
    },
    "Best Model Metrics": {
        "Epoch": 6,
        "Validation Loss": 0.22790540606770293,
        "Best F1": 0.5979381443298968,
        "Validation Accuracy": 0.7417218685150146,
        "Validation Precision": 0.4603174603174603,
        "Validation Recall": 0.8529411764705882
    }
}