{
    "Run ID": "un47dvto",
    "Config Parameters": {
        "batch_size": 64,
        "dropout": 0.2,
        "fold": 4,
        "learning_rate": 0.01,
        "optimizer": "adam"
    },
    "Best Model Metrics": {
        "Epoch": 9,
        "Validation Loss": 0.1648633535334606,
        "Best F1": 0.6363636363636364,
        "Validation Accuracy": 0.7880794405937195,
        "Validation Precision": 0.5185185185185185,
        "Validation Recall": 0.8235294117647058
    }
}