{
    "Run ID": "oa6iz5f8",
    "Config Parameters": {
        "batch_size": 16,
        "dropout": 0.3,
        "fold": 5,
        "learning_rate": 0.01,
        "optimizer": "adam"
    },
    "Best Model Metrics": {
        "Epoch": 18,
        "Validation Loss": 0.12185922679522179,
        "Best F1": 0.6818181818181819,
        "Validation Accuracy": 0.8145695328712463,
        "Validation Precision": 0.5555555555555556,
        "Validation Recall": 0.8823529411764706
    }
}