{
    "Run ID": "ji8nxrcd",
    "Config Parameters": {
        "batch_size": 16,
        "dropout": 0.4,
        "fold": 1,
        "learning_rate": 0.01,
        "optimizer": "adam"
    },
    "Best Model Metrics": {
        "Epoch": 5,
        "Validation Loss": 0.08720775027024119,
        "Best F1": 0.6741573033707865,
        "Validation Accuracy": 0.8092105388641357,
        "Validation Precision": 0.5454545454545454,
        "Validation Recall": 0.8823529411764706
    }
}