{
    "Fold": 1,
    "Metrics": {
        "Accuracy": 0.7671957671957672,
        "Precision": 0.4888888888888889,
        "Recall": 0.5116279069767442,
        "F1": 0.5
    }
}