{
    "Fold": 2,
    "Metrics": {
        "Accuracy": 0.7301587301587301,
        "Precision": 0.42592592592592593,
        "Recall": 0.5348837209302325,
        "F1": 0.4742268041237113
    }
}