{
    "Run ID": "d25dsfsg",
    "Config Parameters": {
        "batch_size": 64,
        "dropout": 0.1,
        "fold": 3,
        "learning_rate": 0.2,
        "optimizer": "adam"
    },
    "Best Model Metrics": {
        "Epoch": 79,
        "Best F1": 0.7802469135802469,
        "Train Accuracy": 0.8822751045227051,
        "Train Precision": 0.6723404255319149,
        "Train Recall": 0.9294117647058824
    }
}