{
    "Run ID": "hp3wbk79",
    "Config Parameters": {
        "batch_size": 64,
        "dropout": 0.1,
        "fold": 4,
        "learning_rate": 0.1,
        "optimizer": "adam"
    },
    "Best Model Metrics": {
        "Epoch": 89,
        "Best F1": 0.7855421686746988,
        "Train Accuracy": 0.8822751045227051,
        "Train Precision": 0.6680327868852459,
        "Train Recall": 0.9532163742690059
    }
}