{
    "Run ID": "sk5g7tta",
    "Config Parameters": {
        "batch_size": 64,
        "dropout": 0.1,
        "fold": 1,
        "learning_rate": 0.01,
        "optimizer": "adam"
    },
    "Best Model Metrics": {
        "Epoch": 99,
        "Best F1": 0.7745098039215687,
        "Train Accuracy": 0.8783068656921387,
        "Train Precision": 0.6638655462184874,
        "Train Recall": 0.9294117647058824
    }
}