{
    "Fold": 5,
    "Metrics": {
        "Accuracy": 0.7407407407407407,
        "Precision": 0.43859649122807015,
        "Recall": 0.5952380952380952,
        "F1": 0.505050505050505
    }
}