{
    "Fold": 3,
    "Metrics": {
        "Accuracy": 0.7195767195767195,
        "Precision": 0.41379310344827586,
        "Recall": 0.5581395348837209,
        "F1": 0.4752475247524752
    }
}