{
    "Fold": 4,
    "Metrics": {
        "Accuracy": 0.6878306878306878,
        "Precision": 0.36923076923076925,
        "Recall": 0.5714285714285714,
        "F1": 0.4485981308411215
    }
}