{
    "Run ID": "ehcfw6s3",
    "Config Parameters": {
        "batch_size": 32,
        "dropout": 0.5,
        "fold": 1,
        "learning_rate": 0.2,
        "optimizer": "sgd"
    },
    "Best Model Metrics": {
        "Epoch": 3,
        "Validation Loss": 0.7330263743275091,
        "Best F1": 0.7605633802816901,
        "Validation Accuracy": 0.8881579041481018,
        "Validation Precision": 0.7297297297297297,
        "Validation Recall": 0.7941176470588235
    }
}