{
    "Run ID": "i8vhtf9m",
    "Config Parameters": {
        "batch_size": 16,
        "dropout": 0.2,
        "fold": 3,
        "learning_rate": 0.1,
        "optimizer": "sgd"
    },
    "Best Model Metrics": {
        "Epoch": 5,
        "Best F1": 0.619718309859155,
        "Validation Accuracy": 0.8211920261383057,
        "Validation Precision": 0.5945945945945946,
        "Validation Recall": 0.6470588235294118
    }
}