{
    "Run ID": "rwjwn9ef",
    "Config Parameters": {
        "batch_size": 32,
        "dropout": 0.1,
        "fold": 4,
        "learning_rate": 0.01,
        "optimizer": "sgd"
    },
    "Best Model Metrics": {
        "Epoch": 3,
        "Best F1": 0.6666666666666667,
        "Validation Accuracy": 0.8278145790100098,
        "Validation Precision": 0.5909090909090909,
        "Validation Recall": 0.7647058823529411
    }
}