{
    "Run ID": "rdojlyzt",
    "Config Parameters": {
        "batch_size": 64,
        "dropout": 0.1,
        "fold": 4,
        "learning_rate": 0.001,
        "optimizer": "adam"
    },
    "Best Model Metrics": {
        "Epoch": 14,
        "Validation Loss": 0.8615467939155781,
        "Best F1": 0.6582278481012658,
        "Validation Accuracy": 0.8211920261383057,
        "Validation Precision": 0.5777777777777777,
        "Validation Recall": 0.7647058823529411
    }
}