{
    "Run ID": "6htww43k",
    "Config Parameters": {
        "batch_size": 16,
        "dropout": 0.3,
        "fold": 1,
        "learning_rate": 0.2,
        "optimizer": "adam"
    },
    "Best Model Metrics": {
        "Epoch": 10,
        "Best F1": 0.6956521739130436,
        "Validation Accuracy": 0.8618420958518982,
        "Validation Precision": 0.6857142857142857,
        "Validation Recall": 0.7058823529411765
    }
}