{
    "Run ID": "b64jsdj2",
    "Config Parameters": {
        "batch_size": 16,
        "dropout": 0.1,
        "fold": 1,
        "learning_rate": 0.1,
        "optimizer": "adam"
    },
    "Best Model Metrics": {
        "Epoch": 22,
        "Validation Loss": 0.7775063859788995,
        "Best F1": 0.6933333333333332,
        "Validation Accuracy": 0.8486841917037964,
        "Validation Precision": 0.6341463414634146,
        "Validation Recall": 0.7647058823529411
    }
}