{
    "Run ID": "58hf8fwn",
    "Config Parameters": {
        "batch_size": 64,
        "dropout": 0.1,
        "fold": 5,
        "learning_rate": 0.2,
        "optimizer": "adam"
    },
    "Best Model Metrics": {
        "Epoch": 9,
        "Validation Loss": 0.648495959130344,
        "Best F1": 0.7532467532467532,
        "Validation Accuracy": 0.8741722106933594,
        "Validation Precision": 0.6744186046511628,
        "Validation Recall": 0.8529411764705882
    }
}