{
    "Run ID": "pngmuw0m",
    "Config Parameters": {
        "batch_size": 16,
        "dropout": 0.3,
        "fold": 3,
        "learning_rate": 0.2,
        "optimizer": "sgd"
    },
    "Best Model Metrics": {
        "Epoch": 15,
        "Validation Loss": 1.5394857157243798,
        "Best F1": 0.6984126984126984,
        "Validation Accuracy": 0.8741722106933594,
        "Validation Precision": 0.7586206896551724,
        "Validation Recall": 0.6470588235294118
    }
}