{
    "Run ID": "pi8s9cjs",
    "Config Parameters": {
        "batch_size": 32,
        "dropout": 0.5,
        "fold": 8,
        "learning_rate": 0.002,
        "optimizer": "adam"
    },
    "Best Model Metrics": {
        "Epoch": 4,
        "Validation Loss": 0.3000327083468437,
        "Best F1": 0.8666666666666666,
        "Validation Accuracy": 0.9466666579246521,
        "Validation Precision": 1.0,
        "Validation Recall": 0.7647058823529411
    }
}