{
    "Run ID": "k8hyltpz",
    "Config Parameters": {
        "batch_size": 32,
        "dropout": 0.5,
        "fold": 2,
        "learning_rate": 0.002,
        "optimizer": "adam"
    },
    "Best Model Metrics": {
        "Epoch": 2,
        "Validation Loss": 0.10688259923757103,
        "Best F1": 0.8235294117647058,
        "Validation Accuracy": 0.9210526347160339,
        "Validation Precision": 0.8235294117647058,
        "Validation Recall": 0.8235294117647058
    }
}