{
    "Run ID": "10cb173a",
    "Config Parameters": {
        "batch_size": 32,
        "dropout": 0.5,
        "fold": 5,
        "learning_rate": 0.002,
        "optimizer": "adam"
    },
    "Best Model Metrics": {
        "Epoch": 29,
        "Validation Loss": 0.09322713433127654,
        "Best F1": 0.8484848484848485,
        "Validation Accuracy": 0.9342105388641357,
        "Validation Precision": 0.875,
        "Validation Recall": 0.8235294117647058
    }
}