{
    "Run ID": "l4exakuj",
    "Config Parameters": {
        "batch_size": 16,
        "dropout": 0.3,
        "fold": 3,
        "learning_rate": 0.002,
        "optimizer": "adam"
    },
    "Best Model Metrics": {
        "Epoch": 7,
        "Validation Loss": 0.22466024184069097,
        "Best F1": 0.6578947368421053,
        "Validation Accuracy": 0.8278145790100098,
        "Validation Precision": 0.5952380952380952,
        "Validation Recall": 0.7352941176470589
    }
}