{
    "Run ID": "fnal8gor",
    "Config Parameters": {
        "batch_size": 16,
        "dropout": 0.2,
        "fold": 1,
        "learning_rate": 0.0001,
        "optimizer": "adam"
    },
    "Best Model Metrics": {
        "Epoch": 49,
        "Validation Loss": 0.09013595079120837,
        "Best F1": 0.7407407407407407,
        "Validation Accuracy": 0.8618420958518982,
        "Validation Precision": 0.6382978723404256,
        "Validation Recall": 0.8823529411764706
    }
}