{
    "Run ID": "1e3w4z65",
    "Config Parameters": {
        "batch_size": 32,
        "dropout": 0.3,
        "fold": 4,
        "learning_rate": 0.002,
        "optimizer": "adam"
    },
    "Best Model Metrics": {
        "Epoch": 68,
        "Validation Loss": 0.18656119447670236,
        "Best F1": 0.6666666666666667,
        "Validation Accuracy": 0.8410596251487732,
        "Validation Precision": 0.631578947368421,
        "Validation Recall": 0.7058823529411765
    }
}