{
    "Run ID": "oa8a3rio",
    "Config Parameters": {
        "batch_size": 32,
        "dropout": 0.3,
        "fold": 5,
        "learning_rate": 0.002,
        "optimizer": "adam"
    },
    "Best Model Metrics": {
        "Epoch": 30,
        "Validation Loss": 0.11036879968958975,
        "Best F1": 0.7532467532467532,
        "Validation Accuracy": 0.8741722106933594,
        "Validation Precision": 0.6744186046511628,
        "Validation Recall": 0.8529411764705882
    }
}