{
    "Run ID": "03hezenr",
    "Config Parameters": {
        "batch_size": 16,
        "dropout": 0.3,
        "fold": 1,
        "learning_rate": 0.01,
        "optimizer": "adam"
    },
    "Best Model Metrics": {
        "Epoch": 26,
        "Validation Loss": 0.08325183391571045,
        "Best F1": 0.7435897435897436,
        "Validation Accuracy": 0.8684210777282715,
        "Validation Precision": 0.6590909090909091,
        "Validation Recall": 0.8529411764705882
    }
}