{
    "Run ID": "pxwy35u8",
    "Config Parameters": {
        "batch_size": 64,
        "dropout": 0.3,
        "fold": 4,
        "learning_rate": 0.01,
        "optimizer": "adam"
    },
    "Best Model Metrics": {
        "Epoch": 41,
        "Validation Loss": 1.0099925497509785,
        "Best F1": 0.6666666666666667,
        "Validation Accuracy": 0.8410596251487732,
        "Validation Precision": 0.631578947368421,
        "Validation Recall": 0.7058823529411765
    }
}