{
    "Run ID": "o62k1bdl",
    "Config Parameters": {
        "batch_size": 64,
        "dropout": 0.2,
        "fold": 3,
        "learning_rate": 0.001,
        "optimizer": "adam"
    },
    "Best Model Metrics": {
        "Epoch": 36,
        "Validation Loss": 0.9248294632955892,
        "Best F1": 0.6097560975609756,
        "Validation Accuracy": 0.7880794405937195,
        "Validation Precision": 0.5208333333333334,
        "Validation Recall": 0.7352941176470589
    }
}