{
    "Run ID": "gjj164w7",
    "Config Parameters": {
        "batch_size": 16,
        "dropout": 0.2,
        "fold": 5,
        "learning_rate": 0.01,
        "optimizer": "adam"
    },
    "Best Model Metrics": {
        "Epoch": 6,
        "Validation Loss": 0.7245488861538717,
        "Best F1": 0.7228915662650602,
        "Validation Accuracy": 0.8476821184158325,
        "Validation Precision": 0.6122448979591837,
        "Validation Recall": 0.8823529411764706
    }
}