{
    "Run ID": "ltpztm1v",
    "Config Parameters": {
        "batch_size": 64,
        "dropout": 0.2,
        "fold": 2,
        "learning_rate": 0.001,
        "optimizer": "adam"
    },
    "Best Model Metrics": {
        "Epoch": 35,
        "Validation Loss": 0.8987201012128236,
        "Best F1": 0.6436781609195401,
        "Validation Accuracy": 0.7947019934654236,
        "Validation Precision": 0.5283018867924528,
        "Validation Recall": 0.8235294117647058
    }
}