{
    "Run ID": "6q1bhf7l",
    "Config Parameters": {
        "batch_size": 32,
        "dropout": 0.5,
        "fold": 8,
        "learning_rate": 0.002,
        "optimizer": "adam"
    },
    "Best Model Metrics": {
        "Epoch": 1,
        "Validation Loss": 0.5101988690098127,
        "Best F1": 0.6666666666666667,
        "Validation Accuracy": 0.8533333539962769,
        "Validation Precision": 0.6875,
        "Validation Recall": 0.6470588235294118
    }
}