{
    "Run ID": "17dp4xao",
    "Config Parameters": {
        "batch_size": 32,
        "dropout": 0.5,
        "fold": 4,
        "learning_rate": 0.002,
        "optimizer": "adam"
    },
    "Best Model Metrics": {
        "Epoch": 1,
        "Validation Loss": 0.458779780880401,
        "Best F1": 0.6666666666666667,
        "Validation Accuracy": 0.8289473652839661,
        "Validation Precision": 0.5909090909090909,
        "Validation Recall": 0.7647058823529411
    }
}