{
    "Run ID": "n6rm403l",
    "Config Parameters": {
        "batch_size": 32,
        "dropout": 0.5,
        "fold": 9,
        "learning_rate": 0.002,
        "optimizer": "adam"
    },
    "Best Model Metrics": {
        "Epoch": 26,
        "Validation Loss": 0.19159616311391195,
        "Best F1": 0.7999999999999999,
        "Validation Accuracy": 0.8933333158493042,
        "Validation Precision": 0.6956521739130435,
        "Validation Recall": 0.9411764705882353
    }
}