{
    "Run ID": "ygyb91u4",
    "Config Parameters": {
        "batch_size": 32,
        "dropout": 0.5,
        "fold": 5,
        "learning_rate": 0.002,
        "optimizer": "adam"
    },
    "Best Model Metrics": {
        "Epoch": 35,
        "Validation Loss": 0.2756645114798295,
        "Best F1": 0.6666666666666666,
        "Validation Accuracy": 0.8157894611358643,
        "Validation Precision": 0.56,
        "Validation Recall": 0.8235294117647058
    }
}