{
    "Run ID": "jl7x1w65",
    "Config Parameters": {
        "batch_size": 32,
        "dropout": 0.5,
        "fold": 3,
        "learning_rate": 0.002,
        "optimizer": "adam"
    },
    "Best Model Metrics": {
        "Epoch": 10,
        "Validation Loss": 0.36748246142738744,
        "Best F1": 0.6363636363636364,
        "Validation Accuracy": 0.7894737124443054,
        "Validation Precision": 0.5185185185185185,
        "Validation Recall": 0.8235294117647058
    }
}