{
    "Run ID": "jxh1k13g",
    "Config Parameters": {
        "batch_size": 32,
        "dropout": 0.3,
        "fold": 2,
        "learning_rate": 0.002,
        "optimizer": "adam"
    },
    "Best Model Metrics": {
        "Epoch": 16,
        "Validation Loss": 0.17085096575566475,
        "Best F1": 0.6436781609195401,
        "Validation Accuracy": 0.7947019934654236,
        "Validation Precision": 0.5283018867924528,
        "Validation Recall": 0.8235294117647058
    }
}