{
    "Run ID": "t8livd80",
    "Config Parameters": {
        "batch_size": 32,
        "dropout": 0.3,
        "fold": 3,
        "learning_rate": 0.0001,
        "optimizer": "adam"
    },
    "Best Model Metrics": {
        "Epoch": 115,
        "Validation Loss": 0.19117764645064902,
        "Best F1": 0.64,
        "Validation Accuracy": 0.8211920261383057,
        "Validation Precision": 0.5853658536585366,
        "Validation Recall": 0.7058823529411765
    }
}