{
    "Run ID": "ynvo5d93",
    "Config Parameters": {
        "batch_size": 64,
        "dropout": 0.3,
        "fold": 3,
        "learning_rate": 0.0001,
        "optimizer": "sgd"
    },
    "Best Model Metrics": {
        "Epoch": 4,
        "Best F1": 0.6285714285714287,
        "Validation Accuracy": 0.8289473652839661,
        "Validation Precision": 0.6111111111111112,
        "Validation Recall": 0.6470588235294118
    }
}