{
    "Run ID": "v6czpyuv",
    "Config Parameters": {
        "batch_size": 32,
        "dropout": 0.1,
        "fold": 1,
        "learning_rate": 0.2,
        "optimizer": "sgd"
    },
    "Best Model Metrics": {
        "Epoch": 33,
        "Best F1": 0.7999999999999999,
        "Validation Accuracy": 0.8947368264198303,
        "Validation Precision": 0.6956521739130435,
        "Validation Recall": 0.9411764705882353
    }
}