{
    "Run ID": "lddcv3sw",
    "Config Parameters": {
        "batch_size": 32,
        "dropout": 0.2,
        "fold": 5,
        "learning_rate": 0.2,
        "optimizer": "adam"
    },
    "Best Model Metrics": {
        "Epoch": 16,
        "Best F1": 0.7058823529411765,
        "Validation Accuracy": 0.8684210777282715,
        "Validation Precision": 0.7058823529411765,
        "Validation Recall": 0.7058823529411765
    }
}