{
    "Fold": 10,
    "Best_Validation": {
        "MAE": 5.156920433044434,
        "RMSE": 7.440364837646484,
        "R2": -0.2973968100553226,
        "Epoch": 18
    },
    "Training_Settings": {
        "Epochs_Run": 38,
        "Learning_Rate": 0.001,
        "Batch_Size": 32,
        "Dropout": 0.3,
        "Loss_Function": "mse"
    }
}