{
    "Average Test Accuracy": 0.729100529100529,
    "Average Test Precision": 0.43418584193039467,
    "Average Test Recall": 0.5813953488372092,
    "Average Test F1 Score": 0.4947438566250447,
    "Std Test Accuracy": 0.025572584071099642,
    "Std Test Precision": 0.03950828526901039,
    "Std Test Recall": 0.03891441983879424,
    "Std Test F1 Score": 0.017904022602260518
}