{
    "Run ID": "1rt2qxx3",
    "Config Parameters": {
        "batch_size": 32,
        "dropout": 0.5,
        "fold": 9,
        "learning_rate": 0.002,
        "optimizer": "adam"
    },
    "Best Model Metrics": {
        "Epoch": 9,
        "Validation Loss": 0.01903252681096395,
        "Best F1": 0.9696969696969697,
        "Validation Accuracy": 0.9866666793823242,
        "Validation Precision": 1.0,
        "Validation Recall": 0.9411764705882353
    }
}