{
    "Run ID": "uipz7pev",
    "Config Parameters": {
        "batch_size": 32,
        "dropout": 0.5,
        "fold": 10,
        "learning_rate": 0.002,
        "optimizer": "adam"
    },
    "Best Model Metrics": {
        "Epoch": 20,
        "Validation Loss": 0.10438587434589863,
        "Best F1": 0.8648648648648648,
        "Validation Accuracy": 0.9333333373069763,
        "Validation Precision": 0.8,
        "Validation Recall": 0.9411764705882353
    }
}