{
    "Run ID": "ijxaxbfp",
    "Config Parameters": {
        "batch_size": 32,
        "dropout": 0.5,
        "fold": 6,
        "learning_rate": 0.002,
        "optimizer": "adam"
    },
    "Best Model Metrics": {
        "Epoch": 29,
        "Validation Loss": 0.18350748560930552,
        "Best F1": 0.8275862068965517,
        "Validation Accuracy": 0.9342105388641357,
        "Validation Precision": 1.0,
        "Validation Recall": 0.7058823529411765
    }
}