{
    "Run ID": "72yy5xph",
    "Config Parameters": {
        "batch_size": 32,
        "dropout": 0.5,
        "fold": 8,
        "learning_rate": 0.002,
        "optimizer": "adam"
    },
    "Best Model Metrics": {
        "Epoch": 19,
        "Validation Loss": 0.27347965240478517,
        "Best F1": 0.8000000000000002,
        "Validation Accuracy": 0.9200000166893005,
        "Validation Precision": 0.9230769230769231,
        "Validation Recall": 0.7058823529411765
    }
}