{
    "Run ID": "v9ln8aq5",
    "Config Parameters": {
        "batch_size": 32,
        "dropout": 0.5,
        "fold": 2,
        "learning_rate": 0.002,
        "optimizer": "adam"
    },
    "Best Model Metrics": {
        "Epoch": 130,
        "Validation Loss": 0.1407416470740971,
        "Best F1": 0.7999999999999999,
        "Validation Accuracy": 0.8947368264198303,
        "Validation Precision": 0.6956521739130435,
        "Validation Recall": 0.9411764705882353
    }
}