{
    "Fold": 8,
    "Best_Validation": {
        "MAE": 3.327965497970581,
        "RMSE": 4.041882038116455,
        "R2": -0.5608354004747322,
        "Epoch": 42
    },
    "Training_Settings": {
        "Epochs_Run": 62,
        "Learning_Rate": 0.001,
        "Batch_Size": 32,
        "Dropout": 0.3,
        "Loss_Function": "mse"
    }
}