{
    "Run ID": "32xcuzcj",
    "Config Parameters": {
        "batch_size": 32,
        "dropout": 0.5,
        "fold": 7,
        "learning_rate": 0.002,
        "optimizer": "adam"
    },
    "Best Model Metrics": {
        "Epoch": 726,
        "Validation Loss": 0.16179112215836844,
        "Best F1": 0.9090909090909091,
        "Validation Accuracy": 0.9599999785423279,
        "Validation Precision": 0.9375,
        "Validation Recall": 0.8823529411764706
    }
}