{
    "Run ID": "9tr6lhvn",
    "Config Parameters": {
        "batch_size": 32,
        "dropout": 0.5,
        "fold": 10,
        "learning_rate": 0.002,
        "optimizer": "adam"
    },
    "Best Model Metrics": {
        "Epoch": 20,
        "Validation Loss": 0.037236079946160315,
        "Best F1": 0.9142857142857143,
        "Validation Accuracy": 0.9599999785423279,
        "Validation Precision": 0.8888888888888888,
        "Validation Recall": 0.9411764705882353
    }
}