{
    "Run ID": "7jnctaz3",
    "Config Parameters": {
        "batch_size": 32,
        "dropout": 0.5,
        "fold": 6,
        "learning_rate": 0.002,
        "optimizer": "adam"
    },
    "Best Model Metrics": {
        "Epoch": 4,
        "Validation Loss": 0.2637567990704587,
        "Best F1": 0.7741935483870968,
        "Validation Accuracy": 0.9078947305679321,
        "Validation Precision": 0.8571428571428571,
        "Validation Recall": 0.7058823529411765
    }
}